<assembly>
  <id>dist</id>
  <formats>
    <format>zip</format>
  </formats>
  <dependencySets>
    <dependencySet>
      <outputDirectory>lib</outputDirectory>
      <excludes>
        <exclude>org.hyperic:sigar</exclude>
      </excludes>
    </dependencySet>
  </dependencySets>
  <fileSets>
    <fileSet>
      <includes>
        <include>LICENSE.txt</include>
        <include>README.txt</include>
      </includes>
    </fileSet>
    <fileSet>
      <directory>target</directory>
      <outputDirectory>/</outputDirectory>
      <includes>
        <include>${project.artifactId}-${project.version}-javadoc.jar</include>
        <include>${project.artifactId}-${project.version}-sources.jar</include>
      </includes>
    </fileSet>
    <fileSet>
      <directory>src/main/resources</directory>
      <outputDirectory>/conf</outputDirectory>
      <includes>
        <include>document-formats.js</include>
      </includes>
    </fileSet>
  </fileSets>
</assembly>